year,month, schiller-sp500 , schiller-cpi ,^GSPC,GC=F
1871,1,4.44,12.46,,
1871,2,4.5,12.84,,
1871,3,4.61,13.03,,
1871,4,4.74,12.56,,
1871,5,4.86,12.27,,
1871,6,4.82,12.08,,
1871,7,4.73,12.08,,
1871,8,4.79,11.89,,
1871,9,4.84,12.18,,
1871,10,4.59,12.37,,
1871,11,4.64,12.37,,
1871,12,4.74,12.65,,
1872,1,4.86,12.65,,
1872,2,4.88,12.65,,
1872,3,5.04,12.84,,
1872,4,5.18,13.13,,
1872,5,5.18,13.13,,
1872,6,5.13,13.03,,
1872,7,5.1,12.84,,
1872,8,5.04,12.94,,
1872,9,4.95,13.03,,
1872,10,4.97,12.75,,
1872,11,4.95,13.13,,
1872,12,5.07,12.94,,
1873,1,5.11,12.94,,
1873,2,5.15,13.23,,
1873,3,5.11,13.23,,
1873,4,5.04,13.23,,
1873,5,5.05,12.94,,
1873,6,4.98,12.56,,
1873,7,4.97,12.56,,
1873,8,4.97,12.56,,
1873,9,4.59,12.56,,
1873,10,4.19,12.27,,
1873,11,4.04,11.89,,
1873,12,4.42,12.18,,
1874,1,4.66,12.37,,
1874,2,4.8,12.37,,
1874,3,4.73,12.37,,
1874,4,4.6,12.18,,
1874,5,4.48,12.08,,
1874,6,4.46,11.8,,
1874,7,4.46,11.89,,
1874,8,4.47,11.8,,
1874,9,4.54,11.8,,
1874,10,4.53,11.61,,
1874,11,4.57,11.51,,
1874,12,4.54,11.51,,
1875,1,4.54,11.51,,
1875,2,4.53,11.51,,
1875,3,4.59,11.51,,
1875,4,4.65,11.61,,
1875,5,4.47,11.32,,
1875,6,4.38,11.13,,
1875,7,4.39,11.13,,
1875,8,4.41,11.23,,
1875,9,4.37,11.13,,
1875,10,4.3,11.13,,
1875,11,4.37,11.04,,
1875,12,4.37,10.94,,
1876,1,4.46,10.85,,
1876,2,4.52,10.85,,
1876,3,4.51,10.85,,
1876,4,4.34,10.75,,
1876,5,4.18,10.37,,
1876,6,4.15,10.09,,
1876,7,4.1,10.09,,
1876,8,3.93,10.18,,
1876,9,3.69,10.28,,
1876,10,3.67,10.47,,
1876,11,3.6,10.56,,
1876,12,3.58,10.75,,
1877,1,3.55,10.94,,
1877,2,3.34,10.66,,
1877,3,3.17,10.18,,
1877,4,2.94,10.47,,
1877,5,2.94,10.66,,
1877,6,2.73,10.09,,
1877,7,2.85,10.18,,
1877,8,3.05,9.8,,
1877,9,3.24,9.7,,
1877,10,3.31,9.7,,
1877,11,3.26,9.51,,
1877,12,3.25,9.51,,
1878,1,3.25,9.23,,
1878,2,3.18,9.13,,
1878,3,3.24,8.94,,
1878,4,3.33,8.85,,
1878,5,3.34,8.56,,
1878,6,3.41,8.37,,
1878,7,3.48,8.47,,
1878,8,3.45,8.56,,
1878,9,3.52,8.56,,
1878,10,3.48,8.47,,
1878,11,3.47,8.37,,
1878,12,3.45,8.18,,
1879,1,3.58,8.28,,
1879,2,3.71,8.37,,
1879,3,3.65,8.28,,
1879,4,3.77,8.18,,
1879,5,3.94,8.18,,
1879,6,3.96,8.09,,
1879,7,4.04,8.18,,
1879,8,4.07,8.18,,
1879,9,4.22,8.47,,
1879,10,4.68,8.94,,
1879,11,4.93,9.42,,
1879,12,4.92,9.7,,
1880,1,5.11,9.99,,
1880,2,5.2,9.99,,
1880,3,5.3,10.09,,
1880,4,5.18,9.7,,
1880,5,4.77,9.42,,
1880,6,4.79,9.23,,
1880,7,5.01,9.23,,
1880,8,5.19,9.23,,
1880,9,5.18,9.32,,
1880,10,5.33,9.32,,
1880,11,5.61,9.42,,
1880,12,5.84,9.51,,
1881,1,6.19,9.42,,
1881,2,6.17,9.51,,
1881,3,6.24,9.51,,
1881,4,6.22,9.61,,
1881,5,6.5,9.51,,
1881,6,6.58,9.51,,
1881,7,6.35,9.61,,
1881,8,6.2,9.8,,
1881,9,6.25,10.18,,
1881,10,6.15,10.28,,
1881,11,6.19,10.18,,
1881,12,6.01,10.18,,
1882,1,5.92,10.18,,
1882,2,5.79,10.28,,
1882,3,5.78,10.28,,
1882,4,5.78,10.37,,
1882,5,5.71,10.47,,
1882,6,5.68,10.56,,
1882,7,6.0,10.47,,
1882,8,6.18,10.56,,
1882,9,6.24,10.28,,
1882,10,6.07,10.18,,
1882,11,5.81,10.09,,
1882,12,5.84,9.99,,
1883,1,5.81,9.99,,
1883,2,5.68,10.09,,
1883,3,5.75,9.99,,
1883,4,5.87,9.9,,
1883,5,5.77,9.8,,
1883,6,5.82,9.51,,
1883,7,5.73,9.32,,
1883,8,5.47,9.32,,
1883,9,5.53,9.23,,
1883,10,5.38,9.23,,
1883,11,5.46,9.13,,
1883,12,5.34,9.23,,
1884,1,5.18,9.23,,
1884,2,5.32,9.23,,
1884,3,5.3,9.23,,
1884,4,5.06,9.04,,
1884,5,4.65,8.85,,
1884,6,4.46,8.85,,
1884,7,4.46,8.75,,
1884,8,4.74,8.75,,
1884,9,4.59,8.66,,
1884,10,4.44,8.56,,
1884,11,4.35,8.37,,
1884,12,4.34,8.28,,
1885,1,4.24,8.28,,
1885,2,4.37,8.37,,
1885,3,4.38,8.18,,
1885,4,4.37,8.28,,
1885,5,4.32,8.09,,
1885,6,4.3,7.9,,
1885,7,4.46,7.99,,
1885,8,4.71,7.99,,
1885,9,4.65,7.9,,
1885,10,4.92,7.9,,
1885,11,5.24,7.99,,
1885,12,5.2,8.18,,
1886,1,5.2,7.99,,
1886,2,5.3,7.99,,
1886,3,5.19,7.9,,
1886,4,5.12,7.8,,
1886,5,5.02,7.61,,
1886,6,5.25,7.52,,
1886,7,5.33,7.61,,
1886,8,5.37,7.71,,
1886,9,5.51,7.71,,
1886,10,5.65,7.71,,
1886,11,5.79,7.71,,
1886,12,5.64,7.8,,
1887,1,5.58,7.99,,
1887,2,5.54,8.09,,
1887,3,5.67,8.09,,
1887,4,5.8,8.09,,
1887,5,5.9,8.09,,
1887,6,5.73,7.99,,
1887,7,5.59,7.9,,
1887,8,5.45,7.99,,
1887,9,5.38,7.9,,
1887,10,5.2,7.99,,
1887,11,5.3,8.09,,
1887,12,5.27,8.28,,
1888,1,5.31,8.37,,
1888,2,5.28,8.28,,
1888,3,5.08,8.28,,
1888,4,5.1,8.18,,
1888,5,5.17,8.09,,
1888,6,5.01,7.99,,
1888,7,5.14,8.09,,
1888,8,5.25,8.09,,
1888,9,5.38,8.09,,
1888,10,5.35,8.18,,
1888,11,5.24,8.28,,
1888,12,5.14,8.28,,
1889,1,5.24,7.99,,
1889,2,5.3,7.9,,
1889,3,5.19,7.8,,
1889,4,5.18,7.8,,
1889,5,5.32,7.61,,
1889,6,5.41,7.61,,
1889,7,5.3,7.61,,
1889,8,5.37,7.61,,
1889,9,5.5,7.71,,
1889,10,5.4,7.71,,
1889,11,5.35,7.71,,
1889,12,5.32,7.8,,
1890,1,5.38,7.61,,
1890,2,5.32,7.61,,
1890,3,5.28,7.61,,
1890,4,5.39,7.61,,
1890,5,5.62,7.71,,
1890,6,5.58,7.71,,
1890,7,5.54,7.71,,
1890,8,5.41,7.99,,
1890,9,5.32,8.09,,
1890,10,5.08,8.09,,
1890,11,4.71,7.9,,
1890,12,4.6,7.9,,
1891,1,4.84,7.8,,
1891,2,4.9,7.9,,
1891,3,4.81,7.99,,
1891,4,4.97,8.09,,
1891,5,4.95,7.99,,
1891,6,4.85,7.8,,
1891,7,4.77,7.71,,
1891,8,4.93,7.71,,
1891,9,5.33,7.61,,
1891,10,5.33,7.61,,
1891,11,5.25,7.52,,
1891,12,5.41,7.52,,
1892,1,5.51,7.33,,
1892,2,5.52,7.33,,
1892,3,5.58,7.14,,
1892,4,5.57,7.04,,
1892,5,5.57,7.04,,
1892,6,5.54,7.04,,
1892,7,5.54,7.23,,
1892,8,5.62,7.33,,
1892,9,5.48,7.33,,
1892,10,5.59,7.33,,
1892,11,5.57,7.52,,
1892,12,5.51,7.61,,
1893,1,5.61,7.9,,
1893,2,5.51,7.99,,
1893,3,5.31,7.8,,
1893,4,5.31,7.71,,
1893,5,4.84,7.61,,
1893,6,4.61,7.42,,
1893,7,4.18,7.23,,
1893,8,4.08,6.95,,
1893,9,4.37,7.23,,
1893,10,4.5,7.33,,
1893,11,4.57,7.14,,
1893,12,4.41,7.04,,
1894,1,4.32,6.85,,
1894,2,4.38,6.76,,
1894,3,4.51,6.57,,
1894,4,4.57,6.57,,
1894,5,4.4,6.57,,
1894,6,4.34,6.57,,
1894,7,4.25,6.57,,
1894,8,4.41,6.76,,
1894,9,4.48,6.85,,
1894,10,4.34,6.66,,
1894,11,4.34,6.66,,
1894,12,4.3,6.57,,
1895,1,4.25,6.57,,
1895,2,4.19,6.57,,
1895,3,4.19,6.57,,
1895,4,4.37,6.85,,
1895,5,4.61,6.95,,
1895,6,4.7,7.04,,
1895,7,4.72,6.95,,
1895,8,4.79,6.85,,
1895,9,4.82,6.85,,
1895,10,4.75,6.85,,
1895,11,4.59,6.85,,
1895,12,4.32,6.76,,
1896,1,4.27,6.66,,
1896,2,4.45,6.57,,
1896,3,4.38,6.57,,
1896,4,4.42,6.47,,
1896,5,4.4,6.37,,
1896,6,4.32,6.28,,
1896,7,4.04,6.28,,
1896,8,3.81,6.28,,
1896,9,4.01,6.28,,
1896,10,4.1,6.47,,
1896,11,4.38,6.66,,
1896,12,4.22,6.66,,
1897,1,4.22,6.47,,
1897,2,4.18,6.47,,
1897,3,4.19,6.47,,
1897,4,4.06,6.37,,
1897,5,4.08,6.28,,
1897,6,4.27,6.28,,
1897,7,4.46,6.28,,
1897,8,4.75,6.57,,
1897,9,4.98,6.76,,
1897,10,4.82,6.66,,
1897,11,4.65,6.66,,
1897,12,4.75,6.66,,
1898,1,4.88,6.66,,
1898,2,4.87,6.76,,
1898,3,4.65,6.76,,
1898,4,4.57,6.76,,
1898,5,4.87,7.23,,
1898,6,5.06,6.76,,
1898,7,5.08,6.66,,
1898,8,5.27,6.66,,
1898,9,5.26,6.66,,
1898,10,5.15,6.66,,
1898,11,5.32,6.66,,
1898,12,5.65,6.76,,
1899,1,6.08,6.76,,
1899,2,6.31,6.95,,
1899,3,6.4,6.95,,
1899,4,6.48,7.04,,
1899,5,6.21,7.04,,
1899,6,6.07,7.14,,
1899,7,6.28,7.23,,
1899,8,6.44,7.33,,
1899,9,6.37,7.61,,
1899,10,6.34,7.71,,
1899,11,6.46,7.8,,
1899,12,6.02,7.9,,
1900,1,6.1,7.9,,
1900,2,6.21,7.99,,
1900,3,6.26,7.99,,
1900,4,6.34,7.99,,
1900,5,6.04,7.8,,
1900,6,5.86,7.71,,
1900,7,5.86,7.8,,
1900,8,5.94,7.71,,
1900,9,5.8,7.8,,
1900,10,6.01,7.71,,
1900,11,6.48,7.71,,
1900,12,6.87,7.61,,
1901,1,7.07,7.71,,
1901,2,7.25,7.61,,
1901,3,7.51,7.61,,
1901,4,8.14,7.52,,
1901,5,7.73,7.52,,
1901,6,8.5,7.52,,
1901,7,7.93,7.61,,
1901,8,8.04,7.71,,
1901,9,8.0,7.8,,
1901,10,7.91,7.8,,
1901,11,8.08,7.9,,
1901,12,7.95,7.99,,
1902,1,8.12,7.9,,
1902,2,8.19,7.9,,
1902,3,8.2,7.9,,
1902,4,8.48,7.99,,
1902,5,8.46,8.09,,
1902,6,8.41,8.18,,
1902,7,8.6,8.18,,
1902,8,8.83,8.09,,
1902,9,8.85,8.18,,
1902,10,8.57,8.75,,
1902,11,8.24,8.47,,
1902,12,8.05,8.56,,
1903,1,8.46,8.66,,
1903,2,8.41,8.66,,
1903,3,8.08,8.37,,
1903,4,7.75,8.37,,
1903,5,7.6,8.18,,
1903,6,7.18,8.18,,
1903,7,6.85,8.18,,
1903,8,6.63,8.18,,
1903,9,6.47,8.28,,
1903,10,6.26,8.18,,
1903,11,6.28,8.09,,
1903,12,6.57,8.09,,
1904,1,6.68,8.28,,
1904,2,6.5,8.47,,
1904,3,6.48,8.37,,
1904,4,6.64,8.28,,
1904,5,6.5,8.09,,
1904,6,6.51,8.09,,
1904,7,6.78,8.09,,
1904,8,7.01,8.18,,
1904,9,7.32,8.28,,
1904,10,7.75,8.28,,
1904,11,8.17,8.47,,
1904,12,8.25,8.47,,
1905,1,8.43,8.47,,
1905,2,8.8,8.47,,
1905,3,9.05,8.37,,
1905,4,8.94,8.37,,
1905,5,8.5,8.28,,
1905,6,8.6,8.28,,
1905,7,8.87,8.28,,
1905,8,9.2,8.37,,
1905,9,9.23,8.28,,
1905,10,9.36,8.28,,
1905,11,9.31,8.37,,
1905,12,9.54,8.47,,
1906,1,9.87,8.47,,
1906,2,9.8,8.47,,
1906,3,9.56,8.47,,
1906,4,9.43,8.47,,
1906,5,9.18,8.56,,
1906,6,9.3,8.56,,
1906,7,9.06,8.28,,
1906,8,9.73,8.47,,
1906,9,10.03,8.56,,
1906,10,9.73,8.75,,
1906,11,9.93,8.85,,
1906,12,9.84,8.94,,
1907,1,9.56,8.85,,
1907,2,9.26,9.04,,
1907,3,8.35,8.94,,
1907,4,8.39,8.94,,
1907,5,8.1,9.13,,
1907,6,7.84,9.23,,
1907,7,8.14,9.23,,
1907,8,7.53,9.23,,
1907,9,7.45,9.23,,
1907,10,6.64,9.32,,
1907,11,6.25,8.94,,
1907,12,6.57,8.75,,
1908,1,6.85,8.66,,
1908,2,6.6,8.56,,
1908,3,6.87,8.56,,
1908,4,7.24,8.66,,
1908,5,7.63,8.66,,
1908,6,7.64,8.66,,
1908,7,7.92,8.75,,
1908,8,8.26,8.75,,
1908,9,8.17,8.75,,
1908,10,8.27,8.85,,
1908,11,8.83,8.94,,
1908,12,9.03,9.04,,
1909,1,9.06,8.94,,
1909,2,8.8,9.04,,
1909,3,8.92,9.04,,
1909,4,9.32,9.23,,
1909,5,9.63,9.32,,
1909,6,9.8,9.42,,
1909,7,9.94,9.42,,
1909,8,10.18,9.51,,
1909,9,10.19,9.61,,
1909,10,10.23,9.8,,
1909,11,10.18,9.9,,
1909,12,10.3,9.99,,
1910,1,10.08,9.9,,
1910,2,9.72,9.9,,
1910,3,9.96,10.09,,
1910,4,9.72,10.18,,
1910,5,9.56,9.99,,
1910,6,9.1,9.9,,
1910,7,8.64,9.9,,
1910,8,8.85,9.8,,
1910,9,8.91,9.7,,
1910,10,9.32,9.42,,
1910,11,9.31,9.23,,
1910,12,9.05,9.23,,
1911,1,9.27,9.23,,
1911,2,9.43,8.94,,
1911,3,9.32,9.04,,
1911,4,9.28,8.75,,
1911,5,9.48,8.75,,
1911,6,9.67,8.75,,
1911,7,9.63,8.85,,
1911,8,9.17,9.13,,
1911,9,8.67,9.23,,
1911,10,8.72,9.23,,
1911,11,9.07,9.13,,
1911,12,9.11,9.04,,
1912,1,9.12,9.13,,
1912,2,9.04,9.23,,
1912,3,9.3,9.42,,
1912,4,9.59,9.7,,
1912,5,9.58,9.7,,
1912,6,9.58,9.61,,
1912,7,9.59,9.61,,
1912,8,9.81,9.7,,
1912,9,9.86,9.8,,
1912,10,9.84,9.8,,
1912,11,9.73,9.8,,
1912,12,9.38,9.7,,
1913,1,9.3,9.8,,
1913,2,8.97,9.8,,
1913,3,8.8,9.8,,
1913,4,8.79,9.8,,
1913,5,8.55,9.7,,
1913,6,8.12,9.8,,
1913,7,8.23,9.9,,
1913,8,8.45,9.9,,
1913,9,8.53,10.0,,
1913,10,8.26,10.0,,
1913,11,8.05,10.1,,
1913,12,8.04,10.0,,
1914,1,8.37,10.0,,
1914,2,8.48,9.9,,
1914,3,8.32,9.9,,
1914,4,8.12,9.8,,
1914,5,8.17,9.9,,
1914,6,8.13,9.9,,
1914,7,7.68,10.0,,
1914,8,7.68,10.2,,
1914,9,7.68,10.2,,
1914,10,7.68,10.1,,
1914,11,7.68,10.2,,
1914,12,7.35,10.1,,
1915,1,7.48,10.1,,
1915,2,7.38,10.0,,
1915,3,7.57,9.9,,
1915,4,8.14,10.0,,
1915,5,7.95,10.1,,
1915,6,8.04,10.1,,
1915,7,8.01,10.1,,
1915,8,8.35,10.1,,
1915,9,8.66,10.1,,
1915,10,9.14,10.2,,
1915,11,9.46,10.3,,
1915,12,9.48,10.3,,
1916,1,9.33,10.4,,
1916,2,9.2,10.4,,
1916,3,9.17,10.5,,
1916,4,9.07,10.6,,
1916,5,9.27,10.7,,
1916,6,9.36,10.8,,
1916,7,9.23,10.8,,
1916,8,9.3,10.9,,
1916,9,9.68,11.1,,
1916,10,9.98,11.3,,
1916,11,10.21,11.5,,
1916,12,9.8,11.6,,
1917,1,9.57,11.7,,
1917,2,9.03,12.0,,
1917,3,9.31,12.0,,
1917,4,9.17,12.6,,
1917,5,8.86,12.8,,
1917,6,9.04,13.0,,
1917,7,8.79,12.8,,
1917,8,8.53,13.0,,
1917,9,8.12,13.3,,
1917,10,7.68,13.5,,
1917,11,7.04,13.5,,
1917,12,6.8,13.7,,
1918,1,7.21,14.0,,
1918,2,7.43,14.1,,
1918,3,7.28,14.0,,
1918,4,7.21,14.2,,
1918,5,7.44,14.5,,
1918,6,7.45,14.7,,
1918,7,7.51,15.1,,
1918,8,7.58,15.4,,
1918,9,7.54,15.7,,
1918,10,7.86,16.0,,
1918,11,8.06,16.3,,
1918,12,7.9,16.5,,
1919,1,7.85,16.5,,
1919,2,7.88,16.2,,
1919,3,8.12,16.4,,
1919,4,8.39,16.7,,
1919,5,8.97,16.9,,
1919,6,9.21,16.9,,
1919,7,9.51,17.4,,
1919,8,8.87,17.7,,
1919,9,9.01,17.8,,
1919,10,9.47,18.1,,
1919,11,9.19,18.5,,
1919,12,8.92,18.9,,
1920,1,8.83,19.3,,
1920,2,8.1,19.5,,
1920,3,8.67,19.7,,
1920,4,8.6,20.3,,
1920,5,8.06,20.6,,
1920,6,7.92,20.9,,
1920,7,7.91,20.8,,
1920,8,7.6,20.3,,
1920,9,7.87,20.0,,
1920,10,7.88,19.9,,
1920,11,7.48,19.8,,
1920,12,6.81,19.4,,
1921,1,7.11,19.0,,
1921,2,7.06,18.4,,
1921,3,6.88,18.3,,
1921,4,6.91,18.1,,
1921,5,7.12,17.7,,
1921,6,6.55,17.6,,
1921,7,6.53,17.7,,
1921,8,6.45,17.7,,
1921,9,6.61,17.5,,
1921,10,6.7,17.5,,
1921,11,7.06,17.4,,
1921,12,7.31,17.3,,
1922,1,7.3,16.9,,
1922,2,7.46,16.9,,
1922,3,7.74,16.7,,
1922,4,8.21,16.7,,
1922,5,8.53,16.7,,
1922,6,8.45,16.7,,
1922,7,8.51,16.8,,
1922,8,8.83,16.6,,
1922,9,9.06,16.6,,
1922,10,9.26,16.7,,
1922,11,8.8,16.8,,
1922,12,8.78,16.9,,
1923,1,8.9,16.8,,
1923,2,9.28,16.8,,
1923,3,9.43,16.8,,
1923,4,9.1,16.9,,
1923,5,8.67,16.9,,
1923,6,8.34,17.0,,
1923,7,8.06,17.2,,
1923,8,8.1,17.1,,
1923,9,8.15,17.2,,
1923,10,8.03,17.3,,
1923,11,8.27,17.3,,
1923,12,8.55,17.3,,
1924,1,8.83,17.3,,
1924,2,8.87,17.2,,
1924,3,8.7,17.1,,
1924,4,8.5,17.0,,
1924,5,8.47,17.0,,
1924,6,8.63,17.0,,
1924,7,9.03,17.1,,
1924,8,9.34,17.0,,
1924,9,9.25,17.1,,
1924,10,9.13,17.2,,
1924,11,9.64,17.2,,
1924,12,10.16,17.3,,
1925,1,10.58,17.3,,
1925,2,10.67,17.2,,
1925,3,10.39,17.3,,
1925,4,10.28,17.2,,
1925,5,10.61,17.3,,
1925,6,10.8,17.5,,
1925,7,11.1,17.7,,
1925,8,11.25,17.7,,
1925,9,11.51,17.7,,
1925,10,11.89,17.7,,
1925,11,12.26,18.0,,
1925,12,12.46,17.9,,
1926,1,12.65,17.9,,
1926,2,12.67,17.9,,
1926,3,11.81,17.8,,
1926,4,11.48,17.9,,
1926,5,11.56,17.8,,
1926,6,12.11,17.7,,
1926,7,12.62,17.5,,
1926,8,13.12,17.4,,
1926,9,13.32,17.5,,
1926,10,13.02,17.6,,
1926,11,13.19,17.7,,
1926,12,13.49,17.7,,
1927,1,13.4,17.5,,
1927,2,13.66,17.4,,
1927,3,13.87,17.3,,
1927,4,14.21,17.3,,
1927,5,14.7,17.4,,
1927,6,14.89,17.6,,
1927,7,15.22,17.3,,
1927,8,16.03,17.2,,
1927,9,16.94,17.3,,
1927,10,16.68,17.4,,
1927,11,17.06,17.3,,
1927,12,17.46,17.3,17.66,
1928,1,17.53,17.3,17.52,
1928,2,17.32,17.1,17.32,
1928,3,18.25,17.1,18.23,
1928,4,19.4,17.1,19.37,
1928,5,20.0,17.2,20.0,
1928,6,19.02,17.1,18.99,
1928,7,19.16,17.1,19.16,
1928,8,19.78,17.1,19.79,
1928,9,21.17,17.3,21.17,
1928,10,21.6,17.2,21.6,
1928,11,23.06,17.2,23.1,
1928,12,23.15,17.1,23.14,
1929,1,24.86,17.1,24.87,
1929,2,24.99,17.1,24.99,
1929,3,25.43,17.0,25.4,
1929,4,25.28,16.9,25.27,
1929,5,25.66,17.0,25.61,
1929,6,26.15,17.1,26.15,
1929,7,28.48,17.3,28.46,
1929,8,30.1,17.3,30.12,
1929,9,31.3,17.3,31.3,
1929,10,27.99,17.3,27.99,
1929,11,20.58,17.3,20.58,
1929,12,21.4,17.2,21.39,
1930,1,21.71,17.1,21.72,
1930,2,23.07,17.0,23.08,
1930,3,23.94,16.9,23.91,
1930,4,25.46,17.0,25.43,
1930,5,23.94,16.9,23.95,
1930,6,21.52,16.8,21.6,
1930,7,21.06,16.6,21.02,
1930,8,20.79,16.5,20.8,
1930,9,20.78,16.6,20.77,
1930,10,17.92,16.5,17.93,
1930,11,16.62,16.4,16.59,
1930,12,15.51,16.1,15.55,
1931,1,15.98,15.9,15.92,
1931,2,17.2,15.7,17.16,
1931,3,17.53,15.6,17.54,
1931,4,15.86,15.5,15.83,
1931,5,14.33,15.3,14.29,
1931,6,13.87,15.1,13.84,
1931,7,14.33,15.1,14.35,
1931,8,13.9,15.1,13.89,
1931,9,11.83,15.0,11.89,
1931,10,10.25,14.9,10.22,
1931,11,10.39,14.7,10.42,
1931,12,8.44,14.6,8.41,
1932,1,8.3,14.3,8.33,
1932,2,8.23,14.1,8.2,
1932,3,8.26,14.0,8.25,
1932,4,6.28,13.9,6.27,
1932,5,5.51,13.7,5.52,
1932,6,4.77,13.6,4.75,
1932,7,5.01,13.6,4.97,
1932,8,7.53,13.5,7.52,
1932,9,8.26,13.4,8.22,
1932,10,7.12,13.3,7.11,
1932,11,7.05,13.2,7.02,
1932,12,6.82,13.1,6.82,
1933,1,7.09,12.9,7.09,
1933,2,6.25,12.7,6.25,
1933,3,6.23,12.6,6.2,
1933,4,6.89,12.6,6.87,
1933,5,8.87,12.6,8.87,
1933,6,10.39,12.7,10.42,
1933,7,11.23,13.1,11.24,
1933,8,10.67,13.2,10.67,
1933,9,10.58,13.2,10.6,
1933,10,9.55,13.2,9.56,
1933,11,9.78,13.2,9.76,
1933,12,9.97,13.2,9.96,
1934,1,10.54,13.2,10.56,
1934,2,11.32,13.3,11.32,
1934,3,10.74,13.3,10.73,
1934,4,10.92,13.3,10.91,
1934,5,9.81,13.3,9.82,
1934,6,9.94,13.4,9.94,
1934,7,9.47,13.4,9.46,
1934,8,9.1,13.4,9.1,
1934,9,8.88,13.6,8.86,
1934,10,8.95,13.5,8.95,
1934,11,9.2,13.5,9.19,
1934,12,9.26,13.4,9.25,
1935,1,9.26,13.6,9.25,
1935,2,8.98,13.7,8.97,
1935,3,8.41,13.7,8.39,
1935,4,9.04,13.8,8.97,
1935,5,9.75,13.8,9.71,
1935,6,10.12,13.7,10.12,
1935,7,10.65,13.7,10.65,
1935,8,11.37,13.7,11.32,
1935,9,11.61,13.7,11.61,
1935,10,11.92,13.7,11.9,
1935,11,13.04,13.8,13.05,
1935,12,13.04,13.8,13.07,
1936,1,13.76,13.8,13.77,
1936,2,14.55,13.8,14.57,
1936,3,14.86,13.7,14.86,
1936,4,14.88,13.7,14.85,
1936,5,14.09,13.7,14.09,
1936,6,14.69,13.8,14.69,
1936,7,15.56,13.9,15.53,
1936,8,15.87,14.0,15.87,
1936,9,16.05,14.0,16.01,
1936,10,16.89,14.0,16.87,
1936,11,17.36,14.0,17.35,
1936,12,17.06,14.0,17.07,
1937,1,17.59,14.1,17.58,
1937,2,18.11,14.1,18.09,
1937,3,18.09,14.2,18.09,
1937,4,17.01,14.3,17.0,
1937,5,16.25,14.4,16.23,
1937,6,15.64,14.4,15.64,
1937,7,16.57,14.5,16.54,
1937,8,16.74,14.5,16.74,
1937,9,14.37,14.6,14.38,
1937,10,12.28,14.6,12.25,
1937,11,11.2,14.5,11.19,
1937,12,11.02,14.4,10.99,
1938,1,11.31,14.2,11.31,
1938,2,11.04,14.1,11.01,
1938,3,10.31,14.1,10.31,
1938,4,9.89,14.2,9.85,
1938,5,9.98,14.1,9.97,
1938,6,10.21,14.1,10.23,
1938,7,12.24,14.1,12.23,
1938,8,12.31,14.1,12.3,
1938,9,11.75,14.1,11.76,
1938,10,13.06,14.0,13.11,
1938,11,13.07,14.0,13.05,
1938,12,12.69,14.0,12.68,
1939,1,12.5,14.0,12.51,
1939,2,12.4,13.9,12.38,
1939,3,12.39,13.9,12.37,
1939,4,10.83,13.8,10.82,
1939,5,11.23,13.8,11.22,
1939,6,11.43,13.8,11.42,
1939,7,11.71,13.8,11.73,
1939,8,11.54,13.8,11.53,
1939,9,12.77,14.1,12.81,
1939,10,12.9,14.0,12.9,
1939,11,12.67,14.0,12.66,
1939,12,12.37,14.0,12.36,
1940,1,12.3,13.9,12.31,
1940,2,12.22,14.0,12.22,
1940,3,12.15,14.0,12.15,
1940,4,12.27,14.0,12.27,
1940,5,10.58,14.0,10.55,
1940,6,9.67,14.1,9.66,
1940,7,9.99,14.0,10.0,
1940,8,10.2,14.0,10.18,
1940,9,10.63,14.0,10.63,
1940,10,10.73,14.0,10.72,
1940,11,10.98,14.0,10.98,
1940,12,10.53,14.1,10.53,
1941,1,10.55,14.1,10.54,
1941,2,9.89,14.1,9.88,
1941,3,9.95,14.2,9.96,
1941,4,9.64,14.3,9.64,
1941,5,9.43,14.4,9.43,
1941,6,9.76,14.7,9.76,
1941,7,10.26,14.7,10.27,
1941,8,10.21,14.9,10.22,
1941,9,10.24,15.1,10.24,
1941,10,9.83,15.3,9.81,
1941,11,9.37,15.4,9.37,
1941,12,8.76,15.5,8.76,
1942,1,8.93,15.7,8.94,
1942,2,8.65,15.8,8.65,
1942,3,8.18,16.0,8.19,
1942,4,7.84,16.1,7.84,
1942,5,7.93,16.3,7.93,
1942,6,8.33,16.3,8.32,
1942,7,8.64,16.4,8.64,
1942,8,8.59,16.5,8.59,
1942,9,8.68,16.5,8.68,
1942,10,9.32,16.7,9.31,
1942,11,9.47,16.8,9.46,
1942,12,9.52,16.9,9.52,
1943,1,10.09,16.9,10.09,
1943,2,10.69,16.9,10.68,
1943,3,11.07,17.2,11.07,
1943,4,11.44,17.4,11.45,
1943,5,11.89,17.5,11.89,
1943,6,12.1,17.5,12.08,
1943,7,12.35,17.4,12.36,
1943,8,11.74,17.3,11.74,
1943,9,11.99,17.4,11.99,
1943,10,11.88,17.4,11.87,
1943,11,11.33,17.4,11.33,
1943,12,11.48,17.4,11.48,
1944,1,11.85,17.4,11.85,
1944,2,11.77,17.4,11.77,
1944,3,12.1,17.4,12.1,
1944,4,11.89,17.5,11.88,
1944,5,12.1,17.5,12.1,
1944,6,12.67,17.6,12.68,
1944,7,13.0,17.7,13.01,
1944,8,12.81,17.7,12.82,
1944,9,12.6,17.7,12.6,
1944,10,12.91,17.7,12.9,
1944,11,12.82,17.7,12.82,
1944,12,13.1,17.8,13.09,
1945,1,13.49,17.8,13.49,
1945,2,13.94,17.8,13.95,
1945,3,13.93,17.8,13.94,
1945,4,14.28,17.8,14.27,
1945,5,14.82,17.9,14.81,
1945,6,15.09,18.1,15.09,
1945,7,14.78,18.1,14.78,
1945,8,14.83,18.1,14.83,
1945,9,15.84,18.1,15.84,
1945,10,16.5,18.1,16.49,
1945,11,17.04,18.1,17.04,
1945,12,17.33,18.2,17.32,
1946,1,18.02,18.2,18.04,
1946,2,18.07,18.1,17.98,
1946,3,17.53,18.3,17.52,
1946,4,18.66,18.4,18.65,
1946,5,18.7,18.5,18.71,
1946,6,18.58,18.7,18.58,
1946,7,18.05,19.8,18.05,
1946,8,17.7,20.2,17.7,
1946,9,15.09,20.4,15.07,
1946,10,14.75,20.8,14.75,
1946,11,14.69,21.3,14.67,
1946,12,15.13,21.5,15.12,
1947,1,15.21,21.5,15.22,
1947,2,15.8,21.5,15.78,
1947,3,15.16,21.9,15.16,
1947,4,14.6,21.9,14.6,
1947,5,14.34,21.9,14.32,
1947,6,14.84,22.0,14.84,
1947,7,15.77,22.2,15.77,
1947,8,15.46,22.5,15.46,
1947,9,15.06,23.0,15.06,
1947,10,15.45,23.0,15.45,
1947,11,15.27,23.1,15.27,
1947,12,15.03,23.4,15.03,
1948,1,14.83,23.7,14.83,
1948,2,14.1,23.5,14.1,
1948,3,14.3,23.4,14.28,
1948,4,15.4,23.8,15.4,
1948,5,16.15,23.9,16.17,
1948,6,16.82,24.1,16.82,
1948,7,16.42,24.4,16.42,
1948,8,15.94,24.5,15.94,
1948,9,15.76,24.5,15.76,
1948,10,16.19,24.4,16.19,
1948,11,15.29,24.2,15.31,
1948,12,15.19,24.1,15.18,
1949,1,15.36,24.0,15.32,
1949,2,14.77,23.8,14.78,
1949,3,14.91,23.8,14.91,
1949,4,14.89,23.9,14.89,
1949,5,14.78,23.8,14.77,
1949,6,13.97,23.9,13.97,
1949,7,14.76,23.7,14.76,
1949,8,15.29,23.8,15.29,
1949,9,15.49,23.9,15.49,
1949,10,15.89,23.7,15.9,
1949,11,16.11,23.8,16.1,
1949,12,16.54,23.6,16.54,
1950,1,16.88,23.5,16.88,
1950,2,17.21,23.5,17.19,
1950,3,17.35,23.6,17.35,
1950,4,17.84,23.6,17.85,
1950,5,18.44,23.7,18.43,
1950,6,18.74,23.8,18.74,
1950,7,17.38,24.1,17.38,
1950,8,18.43,24.3,18.43,
1950,9,19.08,24.4,19.08,
1950,10,19.87,24.6,19.86,
1950,11,19.83,24.7,19.8,
1950,12,19.75,25.0,19.75,
1951,1,21.21,25.4,21.2,
1951,2,22.0,25.7,21.98,
1951,3,21.63,25.8,21.62,
1951,4,21.92,25.8,21.88,
1951,5,21.93,25.9,21.94,
1951,6,21.55,25.9,21.55,
1951,7,21.93,25.9,21.93,
1951,8,22.89,25.9,22.89,
1951,9,23.48,26.1,23.48,
1951,10,23.36,26.2,23.37,
1951,11,22.71,26.4,22.71,
1951,12,23.41,26.5,23.42,
1952,1,24.19,26.5,24.18,
1952,2,23.75,26.3,23.7,
1952,3,23.81,26.3,23.81,
1952,4,23.74,26.4,23.73,
1952,5,23.73,26.4,23.73,
1952,6,24.38,26.5,24.38,
1952,7,25.08,26.7,25.08,
1952,8,25.18,26.7,25.18,
1952,9,24.78,26.7,24.78,
1952,10,24.26,26.7,24.26,
1952,11,25.03,26.7,25.03,
1952,12,26.04,26.7,26.04,
1953,1,26.18,26.6,26.18,
1953,2,25.86,26.5,25.9,
1953,3,25.99,26.6,25.99,
1953,4,24.71,26.6,24.71,
1953,5,24.84,26.7,24.84,
1953,6,23.95,26.8,23.95,
1953,7,24.29,26.8,24.29,
1953,8,24.39,26.9,24.39,
1953,9,23.27,26.9,23.27,
1953,10,23.97,27.0,23.97,
1953,11,24.5,26.9,24.5,
1953,12,24.83,26.9,24.83,
1954,1,25.46,26.9,25.46,
1954,2,26.02,26.9,26.02,
1954,3,26.57,26.9,26.57,
1954,4,27.63,26.8,27.62,
1954,5,28.73,26.9,28.73,
1954,6,28.96,26.9,28.96,
1954,7,30.13,26.9,30.13,
1954,8,30.73,26.9,30.73,
1954,9,31.45,26.8,31.45,
1954,10,32.18,26.8,32.18,
1954,11,33.44,26.8,33.44,
1954,12,34.97,26.7,35.01,
1955,1,35.6,26.7,35.6,
1955,2,36.79,26.7,36.79,
1955,3,36.5,26.7,36.5,
1955,4,37.76,26.7,37.75,
1955,5,37.6,26.7,37.6,
1955,6,39.78,26.7,39.87,
1955,7,42.69,26.8,42.69,
1955,8,42.43,26.8,42.43,
1955,9,44.34,26.9,44.34,
1955,10,42.11,26.9,42.12,
1955,11,44.95,26.9,44.95,
1955,12,45.37,26.8,45.39,
1956,1,44.15,26.8,44.15,
1956,2,44.43,26.8,44.43,
1956,3,47.49,26.8,47.49,
1956,4,48.05,26.9,48.05,
1956,5,46.54,27.0,46.54,
1956,6,46.27,27.2,46.27,
1956,7,48.78,27.4,48.78,
1956,8,48.49,27.3,48.46,
1956,9,46.84,27.4,46.79,
1956,10,46.24,27.5,46.24,
1956,11,45.76,27.5,45.76,
1956,12,46.44,27.6,46.44,
1957,1,45.43,27.6,45.42,
1957,2,43.47,27.7,43.47,
1957,3,44.03,27.8,44.03,
1957,4,45.05,27.9,45.05,
1957,5,46.78,28.0,46.78,
1957,6,47.55,28.1,47.6,
1957,7,48.51,28.3,48.52,
1957,8,45.84,28.3,45.83,
1957,9,43.98,28.3,44.01,
1957,10,41.24,28.3,41.24,
1957,11,40.35,28.4,40.35,
1957,12,40.33,28.4,40.33,
1958,1,41.12,28.6,41.12,
1958,2,41.26,28.6,41.26,
1958,3,42.11,28.8,42.11,
1958,4,42.34,28.9,42.34,
1958,5,43.7,28.9,43.71,
1958,6,44.75,28.9,44.74,
1958,7,45.98,29.0,45.98,
1958,8,47.7,28.9,47.7,
1958,9,48.96,28.9,48.97,
1958,10,50.95,28.9,50.96,
1958,11,52.5,29.0,52.54,
1958,12,53.49,28.9,53.49,
1959,1,55.62,29.0,55.62,
1959,2,54.77,28.9,54.79,
1959,3,56.16,28.9,56.15,
1959,4,57.1,29.0,57.1,
1959,5,57.96,29.0,57.99,
1959,6,57.46,29.1,57.46,
1959,7,59.74,29.2,59.74,
1959,8,59.4,29.2,59.4,
1959,9,57.05,29.3,57.06,
1959,10,57.0,29.4,57.0,
1959,11,57.23,29.4,57.23,
1959,12,59.06,29.4,59.05,
1960,1,58.03,29.3,58.03,
1960,2,55.78,29.4,55.77,
1960,3,55.02,29.4,55.02,
1960,4,55.73,29.5,55.7,
1960,5,55.22,29.5,55.22,
1960,6,57.26,29.6,57.26,
1960,7,55.84,29.6,55.84,
1960,8,56.51,29.6,56.51,
1960,9,54.81,29.6,54.8,
1960,10,53.73,29.8,53.74,
1960,11,55.47,29.8,55.49,
1960,12,56.8,29.8,56.8,
1961,1,59.72,29.8,59.73,
1961,2,62.17,29.8,62.17,
1961,3,64.12,29.8,64.09,
1961,4,65.83,29.8,65.93,
1961,5,66.5,29.8,66.5,
1961,6,65.62,29.8,65.58,
1961,7,65.44,30.0,65.44,
1961,8,67.79,29.9,67.79,
1961,9,67.26,30.0,67.23,
1961,10,68.0,30.0,67.93,
1961,11,71.08,30.0,71.08,
1961,12,71.74,30.0,71.74,
1962,1,69.07,30.0,69.07,
1962,2,70.22,30.1,70.22,
1962,3,70.29,30.1,70.29,
1962,4,68.05,30.2,68.06,
1962,5,62.99,30.2,62.99,
1962,6,55.63,30.2,55.63,
1962,7,56.97,30.3,56.97,
1962,8,58.52,30.3,58.53,
1962,9,58.0,30.4,58.0,
1962,10,56.17,30.4,56.17,
1962,11,60.04,30.4,60.04,
1962,12,62.64,30.4,62.61,
1963,1,65.06,30.4,65.06,
1963,2,65.92,30.4,65.92,
1963,3,65.67,30.5,65.67,
1963,4,68.76,30.5,68.76,
1963,5,70.14,30.5,70.14,
1963,6,70.11,30.6,70.11,
1963,7,69.07,30.7,69.07,
1963,8,70.98,30.7,70.98,
1963,9,72.85,30.7,72.85,
1963,10,73.03,30.8,73.02,
1963,11,72.62,30.8,72.62,
1963,12,74.17,30.9,74.17,
1964,1,76.45,30.9,76.45,
1964,2,77.39,30.9,77.39,
1964,3,78.8,30.9,78.8,
1964,4,79.94,30.9,79.94,
1964,5,80.72,30.9,80.73,
1964,6,80.24,31.0,80.24,
1964,7,83.22,31.1,83.22,
1964,8,82.0,31.0,82.0,
1964,9,83.41,31.1,83.41,
1964,10,84.85,31.1,84.85,
1964,11,85.44,31.2,85.44,
1964,12,83.96,31.2,83.96,
1965,1,86.12,31.2,86.12,
1965,2,86.75,31.2,86.75,
1965,3,86.83,31.3,86.83,
1965,4,87.97,31.4,87.97,
1965,5,89.28,31.4,89.28,
1965,6,85.04,31.6,85.09,
1965,7,84.91,31.6,84.91,
1965,8,86.49,31.6,86.49,
1965,9,89.38,31.6,89.38,
1965,10,91.39,31.7,91.39,
1965,11,92.15,31.7,92.15,
1965,12,91.73,31.8,91.73,
1966,1,93.32,31.8,93.32,
1966,2,92.69,32.0,92.68,
1966,3,88.88,32.1,88.88,
1966,4,91.6,32.3,91.6,
1966,5,86.78,32.3,86.78,
1966,6,86.06,32.4,86.06,
1966,7,85.84,32.5,85.84,
1966,8,80.65,32.7,80.65,
1966,9,77.81,32.7,77.81,
1966,10,77.13,32.9,77.13,
1966,11,80.99,32.9,80.99,
1966,12,81.33,32.9,81.33,
1967,1,84.45,32.9,84.45,
1967,2,87.36,32.9,87.37,
1967,3,89.42,33.0,89.42,
1967,4,90.96,33.1,90.96,
1967,5,92.59,33.2,92.59,
1967,6,91.43,33.3,91.43,
1967,7,93.01,33.4,92.99,
1967,8,94.49,33.5,94.49,
1967,9,95.81,33.6,95.81,
1967,10,95.66,33.7,95.64,
1967,11,92.66,33.8,92.66,
1967,12,95.3,33.9,95.3,
1968,1,95.04,34.1,95.04,
1968,2,90.75,34.2,90.77,
1968,3,89.09,34.3,89.09,
1968,4,95.67,34.4,95.7,
1968,5,97.87,34.5,97.87,
1968,6,100.5,34.7,100.59,
1968,7,100.3,34.9,100.3,
1968,8,98.11,35.0,98.11,
1968,9,101.3,35.1,101.34,
1968,10,103.8,35.3,103.75,
1968,11,105.4,35.4,105.4,
1968,12,106.5,35.5,106.48,
1969,1,102.0,35.6,102.04,
1969,2,101.5,35.8,101.46,
1969,3,99.3,36.1,99.3,
1969,4,101.3,36.3,101.26,
1969,5,104.6,36.4,104.62,
1969,6,99.14,36.6,99.12,
1969,7,94.71,36.8,94.71,
1969,8,94.18,37.0,94.18,
1969,9,94.51,37.1,94.51,
1969,10,95.52,37.3,95.51,
1969,11,96.21,37.5,96.21,
1969,12,91.11,37.7,91.12,
1970,1,90.31,37.8,90.33,
1970,2,87.16,38.0,87.16,
1970,3,88.65,38.2,88.65,
1970,4,85.95,38.5,85.95,
1970,5,76.06,38.6,76.06,
1970,6,75.59,38.8,75.58,
1970,7,75.72,39.0,75.72,
1970,8,77.92,39.0,77.93,
1970,9,82.58,39.2,82.37,
1970,10,84.37,39.4,84.37,
1970,11,84.28,39.6,84.29,
1970,12,90.05,39.8,90.05,
1971,1,93.49,39.8,93.49,
1971,2,97.11,39.9,97.11,
1971,3,99.6,40.0,99.6,
1971,4,103.0,40.1,103.05,
1971,5,101.6,40.3,101.64,
1971,6,99.72,40.6,99.67,
1971,7,99.0,40.7,98.98,
1971,8,97.24,40.8,97.24,
1971,9,99.4,40.8,99.4,
1971,10,97.29,40.9,97.29,
1971,11,92.78,40.9,92.78,
1971,12,99.17,41.1,99.17,
1972,1,103.3,41.1,103.3,
1972,2,105.2,41.3,105.24,
1972,3,107.7,41.4,107.69,
1972,4,108.8,41.5,108.81,
1972,5,107.7,41.6,107.65,
1972,6,108.0,41.7,108.01,
1972,7,107.2,41.9,107.21,
1972,8,111.0,42.0,111.01,
1972,9,109.4,42.1,109.39,
1972,10,109.6,42.3,109.56,
1972,11,115.1,42.4,115.05,
1972,12,117.5,42.5,117.5,
1973,1,118.4,42.6,118.42,
1973,2,114.2,42.9,114.16,
1973,3,112.4,43.3,112.42,
1973,4,110.3,43.6,110.27,
1973,5,107.2,43.9,107.22,
1973,6,104.8,44.2,104.75,
1973,7,105.8,44.3,105.83,
1973,8,103.8,45.1,103.8,
1973,9,105.6,45.2,105.61,
1973,10,109.8,45.6,109.84,
1973,11,102.0,45.9,102.03,
1973,12,94.78,46.2,94.78,
1974,1,96.11,46.6,96.11,
1974,2,93.45,47.2,93.45,
1974,3,97.44,47.8,97.44,
1974,4,92.46,48.0,92.46,
1974,5,89.67,48.6,89.67,
1974,6,89.79,49.0,89.79,
1974,7,79.31,49.4,82.82,
1974,8,76.03,50.0,76.03,
1974,9,68.12,50.6,68.12,
1974,10,69.44,51.1,69.44,
1974,11,71.74,51.5,71.74,
1974,12,67.07,51.9,67.07,
1975,1,72.56,52.1,72.56,
1975,2,80.1,52.5,80.1,
1975,3,83.78,52.7,83.83,
1975,4,84.72,52.9,84.72,
1975,5,90.1,53.2,90.1,
1975,6,92.4,53.6,92.4,
1975,7,92.49,54.2,92.49,
1975,8,85.71,54.3,85.71,
1975,9,84.67,54.6,84.67,
1975,10,88.57,54.9,88.57,
1975,11,90.07,55.3,90.07,
1975,12,88.7,55.5,88.7,
1976,1,96.86,55.6,96.86,
1976,2,100.6,55.8,100.64,
1976,3,101.1,55.9,101.08,
1976,4,101.9,56.1,101.93,
1976,5,101.2,56.5,101.16,
1976,6,101.8,56.8,101.77,
1976,7,104.2,57.1,104.2,
1976,8,103.3,57.4,103.29,
1976,9,105.5,57.6,105.45,
1976,10,101.9,57.9,101.89,
1976,11,101.2,58.0,101.19,
1976,12,104.7,58.2,104.66,
1977,1,103.8,58.5,103.81,
1977,2,101.0,59.1,100.96,
1977,3,100.6,59.5,100.57,
1977,4,99.05,60.0,99.05,
1977,5,98.76,60.3,98.76,
1977,6,99.29,60.7,99.29,
1977,7,100.2,61.0,100.18,
1977,8,97.75,61.2,97.75,
1977,9,96.23,61.4,96.23,
1977,10,93.74,61.6,93.74,
1977,11,94.28,61.9,94.28,
1977,12,93.82,62.1,93.82,
1978,1,90.25,62.5,90.25,
1978,2,88.98,62.9,88.98,
1978,3,88.82,63.4,88.82,
1978,4,92.71,63.9,92.71,
1978,5,97.41,64.5,97.41,
1978,6,97.66,65.2,97.66,
1978,7,97.19,65.7,97.19,
1978,8,103.9,66.0,103.92,
1978,9,103.9,66.5,103.86,
1978,10,100.6,67.1,100.58,
1978,11,94.71,67.4,94.71,
1978,12,96.11,67.7,96.11,
1979,1,99.71,68.3,99.71,
1979,2,98.23,69.1,98.23,
1979,3,100.1,69.8,100.11,
1979,4,102.1,70.6,102.07,
1979,5,99.73,71.5,99.73,
1979,6,101.7,72.3,101.73,
1979,7,102.7,73.1,102.71,
1979,8,107.4,73.8,107.36,
1979,9,108.6,74.6,108.6,
1979,10,104.5,75.2,104.47,
1979,11,103.7,75.9,103.66,
1979,12,107.8,76.7,107.78,
1980,1,110.9,77.8,110.87,
1980,2,115.3,78.9,115.34,
1980,3,104.7,80.1,104.69,
1980,4,103.0,81.0,102.97,
1980,5,107.7,81.8,107.69,
1980,6,114.6,82.7,114.55,
1980,7,119.8,82.7,119.83,
1980,8,123.5,83.3,123.5,
1980,9,126.5,84.0,126.51,
1980,10,130.2,84.8,130.22,
1980,11,135.7,85.5,135.65,
1980,12,133.5,86.3,133.48,
1981,1,133.0,87.0,132.97,
1981,2,128.4,87.9,128.4,
1981,3,133.2,88.5,133.18,
1981,4,134.4,89.1,134.43,
1981,5,131.7,89.8,131.73,
1981,6,132.3,90.6,132.28,
1981,7,129.1,91.6,129.13,
1981,8,129.6,92.3,129.63,
1981,9,118.3,93.2,118.27,
1981,10,119.8,93.4,119.8,
1981,11,122.9,93.7,122.92,
1981,12,123.8,94.0,123.79,
1982,1,117.3,94.3,117.28,
1982,2,114.5,94.6,114.5,
1982,3,110.8,94.5,110.84,
1982,4,116.3,94.9,116.31,
1982,5,116.4,95.8,116.35,
1982,6,109.7,97.0,109.7,
1982,7,109.4,97.5,109.38,
1982,8,109.7,97.7,109.65,
1982,9,122.4,97.9,122.43,
1982,10,132.7,98.2,132.66,
1982,11,138.1,98.0,138.1,
1982,12,139.4,97.6,139.37,
1983,1,144.3,97.8,144.27,
1983,2,146.8,97.9,146.8,
1983,3,151.9,97.9,151.88,
1983,4,157.7,98.6,157.71,
1983,5,164.1,99.2,164.1,
1983,6,166.4,99.5,166.37,
1983,7,167.0,99.9,166.95,
1983,8,162.4,100.2,162.42,
1983,9,167.2,100.7,167.16,
1983,10,167.7,101.0,167.65,
1983,11,165.2,101.2,165.23,
1983,12,164.4,101.3,164.37,
1984,1,166.4,101.9,166.39,
1984,2,157.3,102.4,157.25,
1984,3,157.4,102.6,157.44,
1984,4,157.6,103.1,157.6,
1984,5,156.6,103.4,156.55,
1984,6,153.1,103.7,153.12,
1984,7,151.1,104.1,151.08,
1984,8,164.4,104.5,164.42,
1984,9,166.1,105.0,166.11,
1984,10,164.8,105.3,164.82,
1984,11,166.3,105.3,166.27,
1984,12,164.5,105.3,164.48,
1985,1,171.6,105.5,171.61,
1985,2,180.9,106.0,180.88,
1985,3,179.4,106.4,179.42,
1985,4,180.6,106.9,180.62,
1985,5,184.9,107.3,184.9,
1985,6,188.9,107.6,188.89,
1985,7,192.5,107.8,192.54,
1985,8,188.3,108.0,188.31,
1985,9,184.1,108.3,184.21,
1985,10,186.2,108.7,186.18,
1985,11,197.5,109.0,197.45,
1985,12,207.3,109.3,207.26,
1986,1,208.2,109.6,208.19,
1986,2,219.4,109.3,219.37,
1986,3,232.3,108.8,232.33,
1986,4,238.0,108.6,237.97,
1986,5,238.5,108.9,238.46,
1986,6,245.3,109.5,245.3,
1986,7,240.2,109.5,240.18,
1986,8,245.0,109.7,245.0,
1986,9,238.3,110.2,238.27,
1986,10,237.4,110.3,237.36,
1986,11,245.1,110.4,245.09,
1986,12,248.6,110.5,248.61,
1987,1,264.5,111.2,264.51,
1987,2,280.9,111.6,280.93,
1987,3,292.5,112.1,292.47,
1987,4,289.3,112.7,289.32,
1987,5,289.1,113.1,289.12,
1987,6,301.4,113.5,301.38,
1987,7,310.1,113.8,310.09,
1987,8,329.4,114.4,329.36,
1987,9,318.7,115.0,318.66,
1987,10,280.2,115.3,280.16,
1987,11,245.0,115.4,245.01,
1987,12,241.0,115.4,240.96,
1988,1,250.5,115.7,250.48,
1988,2,258.1,116.0,258.13,
1988,3,265.7,116.5,265.74,
1988,4,262.6,117.1,262.62,
1988,5,256.1,117.5,256.12,
1988,6,270.7,118.0,270.68,
1988,7,269.1,118.5,269.05,
1988,8,263.7,119.0,263.73,
1988,9,268.0,119.8,267.97,
1988,10,277.4,120.2,277.4,
1988,11,271.0,120.3,271.02,
1988,12,276.5,120.5,276.51,
1989,1,285.4,121.1,285.41,
1989,2,294.0,121.6,294.01,
1989,3,292.7,122.3,292.71,
1989,4,302.3,123.1,302.25,
1989,5,313.9,123.8,313.93,
1989,6,323.7,124.1,323.73,
1989,7,331.9,124.4,331.93,
1989,8,346.6,124.6,346.61,
1989,9,347.3,125.0,347.33,
1989,10,347.4,125.6,347.4,
1989,11,340.2,125.9,340.22,
1989,12,348.6,126.1,348.57,
1990,1,339.97,127.4,339.97,
1990,2,330.45,128.0,330.45,
1990,3,338.46,128.7,338.47,
1990,4,338.18,128.9,338.18,
1990,5,350.25,129.2,350.25,
1990,6,360.39,129.9,360.39,
1990,7,360.03,130.4,360.03,
1990,8,330.75,131.6,330.75,
1990,9,315.41,132.7,315.41,
1990,10,307.12,133.5,307.12,
1990,11,315.29,133.8,315.29,
1990,12,328.75,133.8,328.75,
1991,1,325.49,134.6,325.49,
1991,2,362.26,134.8,362.26,
1991,3,372.28,135.0,372.28,
1991,4,379.68,135.2,379.68,
1991,5,377.99,135.6,377.99,
1991,6,378.29,136.0,378.29,
1991,7,380.23,136.2,380.23,
1991,8,389.4,136.6,389.4,
1991,9,387.2,137.2,387.2,
1991,10,386.88,137.4,386.88,
1991,11,385.92,137.8,385.92,
1991,12,388.51,137.9,388.51,
1992,1,416.08,138.1,416.07,
1992,2,412.56,138.6,412.56,
1992,3,407.36,139.3,407.36,
1992,4,407.41,139.5,407.41,
1992,5,414.81,139.7,414.81,
1992,6,408.27,140.2,408.27,
1992,7,415.05,140.5,415.05,
1992,8,417.93,140.9,417.93,
1992,9,418.48,141.3,418.48,
1992,10,412.5,141.8,412.5,
1992,11,422.84,142.0,422.84,
1992,12,435.64,141.9,435.64,
1993,1,435.23,142.6,435.23,
1993,2,441.7,143.1,441.7,
1993,3,450.16,143.6,450.16,
1993,4,443.08,144.0,443.08,
1993,5,445.25,144.2,445.25,
1993,6,448.06,144.4,448.06,
1993,7,447.29,144.4,447.29,
1993,8,454.13,144.8,454.13,
1993,9,459.24,145.1,459.24,
1993,10,463.9,145.7,463.9,
1993,11,462.89,145.8,462.89,
1993,12,465.95,145.8,465.95,
1994,1,472.99,146.2,472.99,
1994,2,471.58,146.7,471.58,
1994,3,463.81,147.2,463.81,
1994,4,447.23,147.4,447.23,
1994,5,450.9,147.5,450.9,
1994,6,454.83,148.0,454.83,
1994,7,451.4,148.4,451.4,
1994,8,464.24,149.0,464.24,
1994,9,466.96,149.4,466.96,
1994,10,463.81,149.5,463.81,
1994,11,461.01,149.7,461.02,
1994,12,455.19,149.7,455.19,
1995,1,465.25,150.3,465.25,
1995,2,481.92,150.9,481.92,
1995,3,493.15,151.4,493.15,
1995,4,507.91,151.9,507.91,
1995,5,523.81,152.2,523.81,
1995,6,539.35,152.5,539.35,
1995,7,557.37,152.5,557.37,
1995,8,559.11,152.9,559.11,
1995,9,578.77,153.2,578.77,
1995,10,582.92,153.7,582.92,
1995,11,595.53,153.6,595.53,
1995,12,614.57,153.5,614.57,
1996,1,614.42,154.4,614.42,
1996,2,649.54,154.9,649.54,
1996,3,647.07,155.7,647.07,
1996,4,647.17,156.3,647.17,
1996,5,661.23,156.6,661.23,
1996,6,668.5,156.7,668.5,
1996,7,644.07,157.0,644.07,
1996,8,662.68,157.3,662.68,
1996,9,674.88,157.8,674.89,
1996,10,701.46,158.3,701.46,
1996,11,735.67,158.6,735.67,
1996,12,743.25,158.6,743.25,
1997,1,766.22,159.1,766.22,
1997,2,798.39,159.6,798.38,
1997,3,792.16,160.0,792.16,
1997,4,763.93,160.2,763.93,
1997,5,833.09,160.1,833.09,
1997,6,876.29,160.3,876.29,
1997,7,925.29,160.5,925.29,
1997,8,927.24,160.8,927.74,
1997,9,937.02,161.2,937.02,
1997,10,951.16,161.6,951.16,
1997,11,938.92,161.5,938.92,
1997,12,962.37,161.3,962.37,
1998,1,963.36,161.6,963.36,
1998,2,1023.74,161.9,1023.74,
1998,3,1076.83,162.2,1076.83,
1998,4,1112.2,162.5,1112.2,
1998,5,1108.42,162.8,1108.42,
1998,6,1108.39,163.0,1108.39,
1998,7,1156.58,163.2,1156.58,
1998,8,1074.62,163.4,1074.62,
1998,9,1020.64,163.6,1020.64,
1998,10,1032.47,164.0,1032.47,
1998,11,1144.43,164.0,1144.43,
1998,12,1190.05,163.9,1190.05,
1999,1,1248.77,164.3,1248.77,
1999,2,1246.58,164.5,1246.58,
1999,3,1281.66,165.0,1281.66,
1999,4,1334.76,166.2,1334.76,
1999,5,1332.07,166.2,1332.07,
1999,6,1322.55,166.2,1322.55,
1999,7,1380.99,166.7,1380.99,
1999,8,1327.49,167.1,1327.49,
1999,9,1318.17,167.9,1318.17,
1999,10,1300.01,168.2,1300.01,
1999,11,1391.0,168.3,1391.0,
1999,12,1428.68,168.3,1428.68,
2000,1,1425.59,168.8,1425.59,
2000,2,1388.87,169.8,1388.87,
2000,3,1442.21,171.2,1442.21,
2000,4,1461.36,171.3,1461.36,
2000,5,1418.48,171.5,1418.48,
2000,6,1461.96,172.4,1461.96,
2000,7,1473.0,172.8,1473.0,
2000,8,1485.46,172.8,1485.46,276.1
2000,9,1468.05,173.7,1468.05,273.39
2000,10,1390.14,174.0,1390.14,269.81
2000,11,1378.04,174.1,1375.04,265.87
2000,12,1330.93,174.0,1330.93,271.52
2001,1,1335.63,175.1,1335.64,265.37
2001,2,1305.75,175.8,1305.75,261.81
2001,3,1185.85,176.2,1185.85,262.29
2001,4,1189.84,176.9,1189.84,261.08
2001,5,1270.37,177.7,1270.37,272.08
2001,6,1238.71,178.0,1238.71,270.71
2001,7,1204.45,177.5,1204.45,267.52
2001,8,1178.5,177.5,1178.5,272.9
2001,9,1044.64,178.3,1044.64,284.96
2001,10,1076.59,177.7,1076.59,283.38
2001,11,1129.68,177.4,1129.68,276.11
2001,12,1144.93,176.7,1144.93,276.01
2002,1,1140.21,177.1,1140.21,281.75
2002,2,1100.67,177.8,1100.67,296.22
2002,3,1153.79,178.8,1153.79,294.38
2002,4,1111.93,179.8,1112.03,303.5
2002,5,1079.25,179.8,1079.27,314.63
2002,6,1014.02,179.9,1014.05,321.13
2002,7,903.59,180.1,903.59,313.28
2002,8,912.55,180.7,912.55,310.15
2002,9,867.81,181.0,867.81,319.59
2002,10,854.63,181.3,854.63,316.27
2002,11,909.93,181.3,909.93,319.12
2002,12,899.18,180.9,899.18,334.94
2003,1,895.84,181.7,895.84,358.19
2003,2,837.03,183.1,837.62,358.54
2003,3,846.63,184.2,846.62,339.92
2003,4,890.03,183.8,890.03,329.29
2003,5,935.96,183.5,935.96,355.93
2003,6,988.0,183.7,988.0,356.49
2003,7,992.54,183.9,992.54,351.12
2003,8,989.53,184.6,989.53,360.58
2003,9,1019.44,185.2,1019.44,379.37
2003,10,1038.73,185.0,1038.73,378.93
2003,11,1049.9,184.5,1049.9,389.89
2003,12,1080.64,184.3,1080.64,408.8
2004,1,1132.52,185.2,1132.52,414.73
2004,2,1143.36,186.2,1143.36,403.95
2004,3,1123.98,187.4,1123.98,407.47
2004,4,1133.36,188.0,1133.08,403.96
2004,5,1102.78,189.1,1102.78,383.77
2004,6,1132.76,189.7,1132.76,392.19
2004,7,1105.85,189.4,1105.85,398.35
2004,8,1088.94,189.5,1088.93,401.89
2004,9,1117.66,189.9,1117.66,406.23
2004,10,1117.21,190.9,1118.07,421.02
2004,11,1168.94,191.0,1168.94,438.65
2004,12,1199.21,190.3,1199.21,442.71
2005,1,1181.41,190.7,1181.41,424.15
2005,2,1199.63,191.8,1199.63,424.01
2005,3,1194.9,193.3,1194.9,434.9
2005,4,1164.43,194.6,1164.43,429.63
2005,5,1178.28,194.4,1178.28,422.3
2005,6,1202.25,194.5,1202.25,431.42
2005,7,1222.24,195.4,1222.24,423.97
2005,8,1224.27,196.4,1224.27,437.83
2005,9,1225.92,198.8,1225.91,457.3
2005,10,1191.96,199.2,1191.96,470.0
2005,11,1237.37,197.6,1237.37,475.56
2005,12,1262.07,196.8,1262.07,509.55
2006,1,1278.73,198.3,1278.72,550.97
2006,2,1276.65,198.7,1276.65,555.21
2006,3,1293.74,199.8,1293.73,558.1
2006,4,1302.17,201.5,1302.17,612.06
2006,5,1290.01,202.5,1290.01,673.64
2006,6,1253.17,202.9,1253.17,595.52
2006,7,1260.24,203.5,1260.23,634.39
2006,8,1287.15,203.9,1287.15,630.07
2006,9,1317.74,202.9,1317.74,598.37
2006,10,1363.38,201.8,1363.38,585.81
2006,11,1388.64,201.5,1388.63,626.96
2006,12,1416.42,201.8,1416.42,628.04
2007,1,1424.16,202.42,1424.16,630.39
2007,2,1444.8,203.5,1444.79,666.08
2007,3,1406.95,205.35,1406.95,653.64
2007,4,1463.64,206.69,1463.64,679.92
2007,5,1511.14,207.95,1511.14,667.59
2007,6,1514.19,208.35,1514.49,654.8
2007,7,1520.71,208.3,1520.7,665.79
2007,8,1454.62,207.92,1454.62,665.06
2007,9,1497.12,208.49,1497.12,715.37
2007,10,1539.66,208.94,1539.66,756.03
2007,11,1463.39,210.18,1463.39,805.6
2007,12,1479.22,210.04,1479.22,807.96
2008,1,1378.76,211.08,1378.76,891.36
2008,2,1354.87,211.69,1354.87,925.11
2008,3,1316.94,213.53,1316.94,962.93
2008,4,1370.47,214.82,1370.47,909.66
2008,5,1403.22,216.63,1403.22,888.2
2008,6,1341.25,218.82,1341.25,889.9
2008,7,1257.33,219.96,1257.33,939.93
2008,8,1281.47,219.09,1281.47,835.83
2008,9,1216.95,218.78,1217.02,828.96
2008,10,968.8,216.57,968.8,801.99
2008,11,883.04,212.43,883.04,754.89
2008,12,877.56,210.23,877.56,822.67
2009,1,865.58,211.14,865.58,861.56
2009,2,805.23,212.19,805.23,942.26
2009,3,757.13,212.71,757.13,925.3
2009,4,848.15,213.24,848.15,892.67
2009,5,902.41,213.86,902.41,929.71
2009,6,926.12,215.69,926.12,946.35
2009,7,935.82,215.35,935.82,935.51
2009,8,1009.73,215.83,1009.72,949.7
2009,9,1044.55,215.97,1044.55,998.71
2009,10,1067.66,216.18,1067.66,1044.31
2009,11,1088.07,216.33,1088.07,1126.25
2009,12,1110.38,215.95,1110.38,1128.98
2010,1,1123.58,216.69,1123.58,1116.83
2010,2,1089.16,216.74,1089.16,1098.19
2010,3,1152.05,217.63,1152.05,1114.36
2010,4,1197.32,218.01,1197.32,1151.45
2010,5,1125.06,218.18,1125.06,1203.96
2010,6,1083.36,217.97,1083.36,1234.66
2010,7,1079.8,218.01,1079.8,1191.75
2010,8,1087.28,218.31,1087.28,1217.45
2010,9,1122.08,218.44,1122.08,1273.04
2010,10,1171.58,218.71,1171.58,1343.22
2010,11,1198.89,218.8,1198.89,1370.19
2010,12,1241.53,219.18,1241.53,1393.95
2011,1,1282.62,220.22,1282.62,1361.68
2011,2,1321.12,221.31,1321.12,1373.81
2011,3,1304.49,223.47,1304.49,1422.62
2011,4,1331.51,224.91,1331.51,1481.87
2011,5,1338.31,225.96,1338.31,1511.01
2011,6,1287.29,225.72,1287.29,1528.0
2011,7,1325.19,225.92,1325.18,1577.13
2011,8,1185.31,226.55,1185.31,1758.49
2011,9,1173.88,226.89,1173.88,1762.19
2011,10,1207.22,226.42,1207.22,1669.91
2011,11,1226.42,226.23,1226.41,1742.59
2011,12,1243.32,225.67,1243.32,1641.97
2012,1,1300.58,226.67,1300.58,1660.2
2012,2,1352.49,227.66,1352.49,1743.84
2012,3,1389.24,229.39,1389.24,1675.66
2012,4,1386.43,230.09,1386.43,1650.59
2012,5,1341.27,229.82,1341.27,1588.28
2012,6,1323.48,229.48,1323.48,1600.69
2012,7,1359.78,229.1,1359.78,1592.52
2012,8,1403.45,230.38,1403.45,1629.92
2012,9,1443.42,231.41,1443.42,1748.81
2012,10,1437.82,231.32,1437.82,1747.73
2012,11,1394.51,230.22,1394.51,1721.32
2012,12,1422.29,229.6,1422.29,1684.38
2013,1,1480.4,230.28,1480.4,1670.45
2013,2,1512.31,232.17,1512.31,1627.47
2013,3,1550.83,232.77,1550.83,1591.51
2013,4,1570.7,232.53,1570.7,1484.63
2013,5,1639.84,232.95,1639.84,1416.62
2013,6,1618.77,233.5,1618.77,1342.14
2013,7,1668.68,233.6,1668.68,1285.8
2013,8,1670.09,233.88,1670.09,1352.67
2013,9,1687.17,234.15,1687.17,1345.99
2013,10,1720.03,233.55,1720.03,1316.83
2013,11,1783.54,233.07,1783.54,1275.1
2013,12,1807.78,233.05,1807.78,1225.01
2014,1,1822.36,233.92,1822.36,1244.06
2014,2,1817.04,234.78,1817.03,1300.98
2014,3,1863.52,236.29,1863.52,1336.43
2014,4,1864.26,237.07,1864.26,1298.42
2014,5,1889.77,237.9,1889.77,1287.54
2014,6,1947.09,238.34,1947.09,1282.16
2014,7,1973.1,238.25,1973.1,1310.64
2014,8,1961.53,237.85,1961.53,1295.06
2014,9,1993.23,238.03,1993.23,1235.13
2014,10,1937.27,237.43,1937.27,1222.93
2014,11,2044.57,236.15,2044.57,1176.18
2014,12,2054.27,234.81,2054.27,1200.17
2015,1,2028.18,233.71,2028.18,1252.92
2015,2,2082.2,234.72,2082.2,1224.91
2015,3,2079.99,236.12,2079.99,1177.77
2015,4,2094.86,236.6,2094.86,1199.83
2015,5,2111.94,237.81,2111.94,1198.22
2015,6,2099.29,238.64,2099.28,1180.78
2015,7,2094.14,238.65,2094.14,1128.11
2015,8,2039.87,238.32,2039.87,1118.73
2015,9,1944.41,237.95,1944.4,1123.82
2015,10,2024.81,237.84,2024.81,1159.86
2015,11,2080.62,237.34,2080.62,1084.01
2015,12,2054.08,236.53,2054.08,1069.95
2016,1,1918.6,236.92,1918.6,1097.64
2016,2,1904.42,237.11,1904.42,1201.41
2016,3,2021.95,238.13,2021.95,1244.88
2016,4,2075.54,239.26,2075.54,1242.54
2016,5,2065.55,240.23,2065.55,1259.59
2016,6,2083.89,241.02,2083.89,1276.75
2016,7,2148.9,240.63,2148.9,1337.21
2016,8,2170.95,240.85,2177.48,1337.96
2016,9,2157.69,241.43,2157.69,1325.11
2016,10,2143.02,241.73,2143.02,1263.98
2016,11,2164.99,241.35,2164.99,1235.96
2016,12,2246.63,241.43,2246.63,1151.4
2017,1,2275.12,242.84,2275.12,1193.19
2017,2,2329.91,243.6,2329.91,1234.54
2017,3,2366.82,243.8,2366.82,1230.38
2017,4,2359.31,244.52,2359.31,1268.65
2017,5,2395.35,244.73,2395.35,1243.76
2017,6,2433.99,244.96,2433.99,1260.06
2017,7,2454.1,244.79,2454.1,1235.96
2017,8,2456.22,245.52,2456.22,1283.8
2017,9,2492.84,246.82,2492.84,1313.94
2017,10,2557.0,246.66,2557.0,1279.25
2017,11,2593.61,246.67,2593.61,1280.69
2017,12,2664.34,246.52,2664.34,1265.57
2018,1,2789.8,247.87,2789.8,1330.68
2018,2,2705.16,248.99,2705.16,1330.06
2018,3,2702.77,249.55,2702.77,1324.24
2018,4,2653.63,250.55,2653.63,1335.34
2018,5,2701.49,251.59,2701.49,1302.62
2018,6,2754.35,251.99,2754.35,1280.02
2018,7,2793.64,252.01,2793.64,1236.02
2018,8,2857.82,252.15,2857.82,1199.95
2018,9,2901.5,252.44,2901.5,1196.71
2018,10,2785.46,252.89,2785.46,1213.97
2018,11,2723.23,252.04,2723.23,1219.24
2018,12,2567.31,251.23,2567.31,1253.05
2019,1,2607.39,251.71,2607.39,1290.86
2019,2,2754.86,252.78,2754.86,1318.45
2019,3,2803.98,254.2,2803.98,1298.53
2019,4,2903.8,255.55,2903.8,1284.79
2019,5,2854.71,256.09,2854.71,1283.37
2019,6,2890.17,256.14,2890.17,1359.67
2019,7,2996.11,256.57,2996.11,1413.3
2019,8,2897.5,256.56,2897.45,1502.04
2019,9,2982.16,256.76,2982.16,1507.42
2019,10,2977.68,257.35,2977.68,1493.33
2019,11,3104.9,257.21,3104.9,1470.0
2019,12,3176.75,256.97,3176.75,1480.85
2020,1,3278.2,257.97,3278.2,1559.93
2020,2,3277.31,258.68,3277.31,1595.62
2020,3,2652.39,258.12,2652.39,1594.65
2020,4,2761.98,256.39,2761.98,1694.98
2020,5,2919.62,256.39,2919.61,1718.69
2020,6,3104.66,257.8,3104.66,1735.92
2020,7,3207.62,259.1,3207.62,1847.54
2020,8,3391.71,259.92,3391.71,1966.24
2020,9,3365.52,260.28,3365.52,1920.28
2020,10,3418.7,260.39,3418.7,1900.25
2020,11,3548.99,260.23,3548.99,1866.08
2020,12,3695.31,260.47,3695.31,1859.3
2021,1,3793.75,261.58,3793.75,1865.18
2021,2,3883.43,263.01,3883.43,1805.53
2021,3,3910.51,264.88,3910.51,1719.52
2021,4,4141.18,267.05,4141.18,1759.76
2021,5,4167.85,269.2,4167.85,1850.65
2021,6,4238.49,271.7,4238.49,1834.12
2021,7,4363.71,273.0,4363.71,1805.5
2021,8,4454.21,273.57,4453.97,1785.23
2021,9,4445.54,274.31,4445.54,1775.9
2021,10,4460.71,276.59,4460.71,1776.4
2021,11,4667.39,277.95,4667.39,1819.5
2021,12,4674.77,278.8,4674.77,1791.05
2022,1,4573.82,281.15,4573.82,1816.64
2022,2,4435.98,283.72,4435.98,1857.74
2022,3,4391.27,287.5,4391.27,1950.67
2022,4,4391.3,289.11,4391.3,1933.93
2022,5,4040.36,292.3,4040.36,1845.94
2022,6,3898.95,296.31,3898.95,1834.55
2022,7,3911.73,296.28,3911.73,1729.8
2022,8,4158.56,296.17,4158.56,1762.48
2022,9,3850.52,296.81,3850.52,1678.61
2022,10,3726.05,298.01,3726.05,1665.84
2022,11,3917.49,297.71,3917.49,1726.05
2022,12,3912.38,296.8,3912.38,1797.11
2023,1,3960.66,299.17,3960.66,1899.83
2023,2,4079.68,300.84,4079.68,1853.24
2023,3,3968.56,301.84,3968.56,1912.96
2023,4,4121.47,303.36,4121.47,2001.05
2023,5,4146.17,304.13,4146.17,1993.42
2023,6,4345.37,305.11,4345.37,1941.65
2023,7,4508.08,305.69,4508.08,1950.76
2023,8,4457.36,307.03,4457.36,1917.56
2023,9,4409.1,307.79,4409.09,1912.41
2023,10,4269.4,307.67,4269.4,1915.57
2023,11,4460.06,307.05,4460.06,1985.37
2023,12,4685.05,306.75,4685.05,2031.67
2024,1,4815.61,308.42,4804.49,2028.04
2024,2,5011.96,310.33,5011.96,2025.21
2024,3,5170.57,312.33,5170.57,2161.87
2024,4,5112.49,313.55,5112.49,2332.59
2024,5,5235.23,314.07,5235.23,2349.63
2024,6,5415.14,314.18,5415.14,2326.08
2024,7,5538.0,314.54,5538.0,2393.34
2024,8,5478.21,314.72,5478.21,2467.25
2024,9,5520.07,314.81,5621.26,2572.87
2024,10,,,5792.32,2688.9
